Період (рік),Подія,Джерело (URL),Короткий опис значення події для університету
1940,Заснування Дрогобицького державного учительського інституту,https://dspu.edu.ua/history,"Відкриття інституту стало початком вищої педагогічної освіти в регіоні Дрогобича"
1940,Створення кафедри загальної педагогіки та дошкільної освіти,https://mon.gov.ua/news/kafedri-zagalnoi-pedagogiki-ta-doshkilnoi-osviti-drogobitskogo-derzhavnogo-pedagogichnogo-universitetu-imeni-ivana-franka-75,"Кафедра відіграла провідну роль у становленні педагогічної освіти регіону"
1954,Перетворення на Дрогобицький державний педагогічний інститут,https://dspu.edu.ua/history,"Розширення статусу інституту дозволило збільшити кількість спеціальностей та студентів"
1978,Заснування кафедри технологічної та професійної освіти,https://dspu.edu.ua/fakultet-fizyky-matematyky-ekonomiky-ta-innovaczijnyh-tehnologij/kafedra-tehnologichnoyi-ta-profesijnoyi-osvity/,"Розвиток технологічного напрямку підготовки фахівців"
1998,Надання статусу університету та присвоєння імені Івана Франка,https://dspu.edu.ua/history,"Підвищення статусу до університету відзначило якісний розвиток закладу та визнання його внеску в освіту"
2016,Участь у програмі розвитку лідерства Британської Ради,https://www.britishcouncil.org.ua/programmes/education/leadership-development/,"Укладено угоду про співпрацю з Університетом Англія Раскін (Велика Британія)"
2017,Реорганізація кафедри технологічної та професійної освіти,https://dspu.edu.ua/fakultet-fizyky-matematyky-ekonomiky-ta-innovaczijnyh-tehnologij/,"Об'єднання кафедр для оптимізації навчального процесу"
2024,Акредитація освітньої програми Комп'ютерні науки (магістр),https://dspu.edu.ua/news/akredytaciya-osvitno-profesijnoyi-programy-kompyuterni-nauky/,"Підтвердження якості підготовки фахівців з комп'ютерних наук"
2025,Опитування щодо якості програми Комп'ютерні науки,https://dspu.edu.ua/news/vykladachi-vysoko-ocinyly-yakist-realizaciyi-osvitnoyi-programy-kompyuterni-nauky-magistr/,"Програма відповідає сучасним вимогам ІТ-ринку"

