Критерій,Перевірене джерело (технічне видання),Сумнівне джерело (блог без авторства)
Назва джерела,DOU.ua / НВ Техно / Укрінформ,Анонімний блог / форум
Наявність автора,Є (вказано ПІБ редактора чи журналіста),Відсутній (без підпису)
Дата публікації,Чітка дата: 02.01.2025,Невизначена або застаріла
Посилання на джерела,Є (цитати експертів та офіційні дані),Відсутні (тільки загальні твердження)
Ознаки маніпуляції,Відсутні (збалансована подача),Присутні (клікбейтний заголовок та емоційні перебільшення)
Редакційна політика,Є (публічна редакційна політика),Відсутня
Контактна інформація,Є (редакція та зворотний зв'язок),Відсутня або фейкова
Висновок,ДОСТОВІРНЕ - можна використовувати як джерело,НЕДОСТОВІРНЕ - не рекомендується для цитування

